user_id,browsing_time,pages_viewed,cart_additions,purchase_count,total_spending,average_order_value,discount_usage_count,discount_ratio,return_count,days_since_last_purchase,session_count,user_type
U00522,94.35,36,5,1,107.5,104.61,0.0,0.223,0.0,15,4,normal
U00738,128.12,71,14,14,2824.23,183.38,,0.147,0.0,21,9,high_value
U00741,87.87,53,9,9,764.64,116.41,0.0,0.191,0.0,4,9,high_value
U00661,48.02,45,6,3,531.55,154.19,0.0,0.01,0.0,36,3,normal
U00412,58.87,35,3,2,264.75,127.0,0.0,0.284,0.0,2,10,normal
U00679,43.95,37,4,4,603.03,146.02,1.0,0.224,0.0,23,7,normal
U00627,54.4,36,3,2,262.01,126.28,1.0,0.033,,34,9,normal
U00514,56.67,40,5,3,522.16,174.8,2.0,0.049,0.0,43,4,normal
U00860,115.33,127,19,0,0.0,76.08,0.0,0.321,0.0,73,12,low_conversion
U00137,28.05,43,6,4,334.54,81.57,1.0,0.242,0.0,16,11,normal
U00812,185.75,125,14,0,0.0,71.36,1.0,0.205,0.0,28,14,low_conversion
U00077,37.3,36,2,1,85.33,106.4,0.0,0.144,0.0,5,6,normal
U00637,51.61,43,7,2,287.42,142.94,0.0,0.245,0.0,32,6,normal
U00974,213.98,264,11,0,0.0,135.48,,0.062,1.0,73,31,high_activity_anomaly
U00939,80.02,73,9,4,480.4,104.61,7.0,0.707,0.0,15,9,promotion_abuse_like
U00900,36.12,62,9,4,430.71,103.54,,0.675,4.0,44,6,promotion_abuse_like
U00281,41.19,31,3,3,571.53,173.25,1.0,0.241,0.0,46,2,normal
U00884,76.23,72,8,4,459.39,102.78,11.0,0.591,0.0,10,4,promotion_abuse_like
U00762,65.68,84,9,9,3282.87,360.77,3.0,0.07,0.0,13,10,high_value
U00320,65.17,33,5,3,274.69,101.29,,0.147,0.0,20,7,normal
U00550,60.98,47,4,1,139.54,128.33,1.0,0.091,0.0,37,4,normal
U00175,80.6,38,8,0,0.0,119.22,2.0,0.033,0.0,6,4,normal
U00372,16.19,32,5,0,0.0,142.2,1.0,0.273,0.0,19,3,normal
U00528,38.38,44,5,1,135.79,138.17,1.0,0.054,0.0,7,2,normal
U00211,73.46,33,8,1,105.64,116.85,1.0,0.191,0.0,24,7,normal
U00236,32.9,43,5,1,85.18,77.07,2.0,0.149,,57,8,normal
U00102,55.71,38,9,0,0.0,146.57,1.0,0.168,0.0,44,7,normal
U00987,236.51,282,8,0,0.0,96.68,2.0,0.07,0.0,78,46,high_activity_anomaly
U00903,45.4,68,7,0,0.0,87.87,9.0,0.539,0.0,11,1,promotion_abuse_like
U00948,87.55,60,11,9,729.39,77.67,7.0,0.639,,18,14,promotion_abuse_like
U00347,106.43,34,4,3,438.93,167.63,0.0,0.193,0.0,48,5,normal
U00140,55.59,40,2,0,0.0,124.12,,0.212,0.0,39,5,normal
U00622,58.05,31,4,4,651.41,146.97,0.0,0.227,0.0,11,7,normal
U00500,46.79,37,4,3,290.66,109.0,1.0,0.07,0.0,13,7,normal
U00371,55.97,45,2,1,149.84,135.54,0.0,0.176,0.0,11,5,normal
U00199,34.1,37,3,2,345.62,180.54,0.0,0.191,0.0,15,4,normal
U00688,39.03,33,6,1,158.36,141.21,2.0,0.134,0.0,51,9,normal
U00585,75.55,48,3,3,530.27,150.58,2.0,0.2,0.0,34,4,normal
U00902,146.21,78,7,2,150.37,81.22,,0.66,0.0,43,12,promotion_abuse_like
U00060,33.1,41,1,0,0.0,163.97,3.0,0.159,0.0,13,6,normal
U00329,68.26,32,9,1,149.05,144.94,1.0,0.263,0.0,39,7,normal
U00097,47.63,28,4,2,264.64,119.75,1.0,0.263,0.0,7,6,normal
U00313,63.58,31,3,2,335.9,162.53,1.0,0.141,0.0,13,4,normal
U00975,129.46,246,11,1,167.25,163.16,0.0,0.032,0.0,5,41,high_activity_anomaly
U00300,53.3,36,3,0,0.0,169.47,,0.144,0.0,18,5,normal
U00278,40.85,35,3,2,236.67,124.05,1.0,0.124,0.0,48,9,normal
U00925,66.1,62,3,0,0.0,31.72,8.0,0.641,0.0,13,11,promotion_abuse_like
U00602,78.24,38,3,0,0.0,187.32,0.0,0.143,0.0,56,8,normal
U00440,38.03,28,2,2,174.2,81.5,0.0,0.159,0.0,42,7,normal
U00838,150.55,123,25,2,104.84,65.89,0.0,0.241,0.0,119,17,low_conversion
U00571,88.95,31,6,0,0.0,90.47,1.0,0.077,,16,7,normal
U00880,188.77,129,16,0,0.0,109.84,2.0,0.0,,101,13,low_conversion
U00262,47.25,39,6,2,418.99,177.47,2.0,0.032,0.0,42,4,normal
U00579,61.53,49,1,1,40.67,43.55,1.0,0.115,0.0,8,8,normal
U00024,53.36,40,3,3,466.31,153.96,0.0,0.17,0.0,29,2,normal
U00031,51.59,30,6,1,130.37,124.0,0.0,0.209,,2,8,normal
U00618,12.1,31,4,2,200.18,106.49,2.0,0.214,0.0,34,5,normal
U00011,45.49,41,3,1,107.21,108.29,0.0,0.162,0.0,36,10,normal
U00222,70.59,35,4,2,266.54,128.69,1.0,0.242,0.0,45,8,normal
U00821,128.12,115,18,0,0.0,124.74,1.0,0.168,0.0,82,13,low_conversion
U00297,59.53,30,5,3,564.02,194.89,0.0,0.153,,41,7,normal
U00055,41.0,33,3,2,257.17,129.87,1.0,0.282,0.0,14,6,normal
U00543,75.98,56,2,0,0.0,144.39,1.0,0.048,0.0,46,4,normal
U00210,43.91,33,8,2,196.19,117.6,1.0,0.323,0.0,7,7,normal
U00605,60.03,32,0,0,0.0,170.98,0.0,0.313,0.0,10,7,normal
U00693,65.6,48,4,1,118.44,134.18,1.0,0.135,0.0,8,5,normal
U00663,69.2,31,2,1,83.48,85.46,1.0,0.294,0.0,34,5,normal
U00867,191.8,110,19,0,0.0,95.16,3.0,0.192,,90,9,low_conversion
U00071,58.79,37,6,1,68.91,67.59,,0.098,0.0,17,7,normal
U00544,36.34,39,0,1,121.37,114.98,0.0,0.043,0.0,57,6,normal
U00108,58.06,42,3,1,65.77,68.33,0.0,0.078,0.0,39,4,normal
U00494,45.29,38,2,2,296.25,136.08,0.0,0.183,0.0,25,10,normal
U00591,41.5,38,5,0,0.0,130.27,3.0,0.217,0.0,52,7,normal
U00742,101.57,75,11,0,0.0,221.81,2.0,0.171,0.0,7,6,high_value
U00293,94.85,35,1,0,0.0,177.09,0.0,0.103,0.0,7,3,normal
U00290,60.47,36,4,3,251.62,82.02,3.0,0.176,0.0,7,3,normal
U00653,83.28,36,6,0,0.0,122.78,0.0,0.234,0.0,30,4,normal
U00040,44.61,29,5,0,0.0,83.73,1.0,0.2,0.0,10,3,normal
U00590,101.31,38,5,0,0.0,101.58,0.0,0.263,0.0,28,7,normal
U00308,83.62,40,4,0,0.0,117.7,1.0,0.14,0.0,29,4,normal
U00680,26.04,31,3,3,290.42,100.17,3.0,0.202,,53,7,normal
U00067,85.71,27,1,1,151.35,152.13,0.0,0.064,0.0,26,7,normal
U00276,55.56,25,3,2,289.19,139.44,0.0,0.195,0.0,59,5,normal
U00068,75.15,32,5,1,151.8,154.83,2.0,0.226,0.0,44,4,normal
U00319,28.51,31,7,1,110.84,112.52,2.0,0.396,,15,6,normal
U00549,33.72,45,1,1,96.17,112.34,2.0,0.129,,26,5,normal
U00999,231.33,277,14,0,0.0,167.51,2.0,0.312,0.0,81,35,high_activity_anomaly
U00715,121.8,60,8,0,0.0,228.27,3.0,0.182,0.0,20,10,high_value
U00754,72.78,76,8,8,2040.94,229.31,,0.094,,14,6,high_value
U00328,57.05,23,9,4,244.43,59.57,,0.088,0.0,27,6,normal
U00383,63.42,50,2,0,0.0,99.89,,0.21,0.0,40,6,normal
U00452,67.19,36,2,0,0.0,123.67,1.0,0.267,0.0,55,12,normal
U00523,59.99,33,4,0,0.0,158.92,1.0,0.139,0.0,38,6,normal
U00219,33.54,29,6,3,577.9,191.42,1.0,0.169,0.0,56,8,normal
U00788,62.82,127,16,0,0.0,169.71,2.0,0.343,0.0,80,14,low_conversion
U00437,62.1,37,2,0,0.0,74.88,1.0,0.219,,42,7,normal
U00765,63.13,63,11,0,0.0,150.73,2.0,0.076,0.0,4,17,high_value
U00089,49.14,39,3,3,337.82,114.21,0.0,0.158,0.0,29,5,normal
U00064,46.88,33,2,2,80.49,36.49,1.0,0.176,0.0,54,7,normal
U00827,88.16,114,14,1,104.56,104.98,1.0,0.253,0.0,31,12,low_conversion
U00717,111.5,57,10,8,1835.31,289.13,3.0,0.183,0.0,9,5,high_value
U00352,44.15,34,4,3,274.73,95.93,1.0,0.154,0.0,22,4,normal
U00937,95.93,78,12,0,0.0,61.1,,0.46,0.0,18,3,promotion_abuse_like
U00257,50.75,23,3,2,276.71,149.5,1.0,0.29,0.0,42,2,normal
U00636,18.01,49,1,1,81.54,87.98,2.0,0.282,0.0,32,6,normal
U00645,66.19,31,3,0,0.0,128.13,1.0,0.204,0.0,42,10,normal
U00555,40.87,35,1,1,174.49,198.33,0.0,0.189,0.0,29,5,normal
U00960,225.15,260,8,2,180.79,89.33,0.0,0.271,0.0,3,36,high_activity_anomaly
U00169,22.09,35,5,2,302.2,140.97,3.0,0.303,0.0,6,4,normal
U00918,88.25,81,12,4,443.15,103.1,7.0,0.563,0.0,22,7,promotion_abuse_like
U00529,36.21,27,4,0,0.0,70.53,2.0,0.095,,58,4,normal
U00824,106.62,148,18,1,190.86,179.66,0.0,0.019,0.0,117,11,low_conversion
U00986,337.15,251,14,2,192.51,100.63,2.0,0.412,0.0,5,43,high_activity_anomaly
U00817,73.18,114,17,0,0.0,111.89,0.0,0.246,0.0,90,14,low_conversion
U00087,49.59,28,4,0,0.0,77.0,0.0,0.039,0.0,33,6,normal
U00433,77.66,41,3,0,0.0,120.02,1.0,0.244,0.0,28,5,normal
U00185,40.9,26,2,2,384.46,191.82,,0.08,0.0,31,6,normal
U00979,126.78,264,12,3,526.13,207.57,0.0,0.222,0.0,8,45,high_activity_anomaly
U00535,40.49,36,6,2,303.08,152.44,1.0,0.191,0.0,5,3,normal
U00295,43.01,27,2,0,0.0,71.63,1.0,0.163,0.0,33,6,normal
U00893,128.15,66,6,5,470.55,92.77,,0.799,0.0,11,8,promotion_abuse_like
U00426,48.2,34,3,2,166.14,91.32,,0.115,0.0,41,4,normal
U00714,106.57,61,10,10,2414.64,203.4,1.0,0.14,0.0,12,14,high_value
U00261,53.4,38,4,1,128.48,129.68,0.0,0.088,0.0,41,7,normal
U00238,48.17,27,2,0,0.0,160.42,0.0,0.364,0.0,47,5,normal
U00560,65.95,28,2,0,0.0,116.63,2.0,0.262,0.0,48,3,normal
U00584,63.04,40,6,2,197.15,109.55,0.0,0.254,0.0,56,9,normal
U00446,39.76,35,3,1,189.53,182.17,0.0,0.234,0.0,50,3,normal
U00868,122.38,135,19,1,90.79,84.54,1.0,0.231,0.0,108,10,low_conversion
U00801,148.68,136,16,0,0.0,135.06,1.0,0.059,0.0,22,14,low_conversion
U00600,89.84,31,1,1,107.35,103.54,1.0,0.272,0.0,48,9,normal
U00850,156.93,138,20,0,0.0,103.74,1.0,0.096,0.0,34,16,low_conversion
U00266,56.88,43,2,1,50.41,47.63,0.0,0.19,0.0,11,3,normal
U00996,392.27,235,6,6,915.45,144.23,,0.348,0.0,28,45,high_activity_anomaly
U00530,54.3,36,3,3,450.9,141.98,,0.158,0.0,23,8,normal
U00056,43.66,27,8,0,0.0,139.34,1.0,0.18,0.0,4,5,normal
U00121,83.06,23,2,2,256.64,112.45,1.0,0.236,0.0,29,8,normal
U00216,20.41,39,4,2,144.28,70.67,1.0,0.039,0.0,35,5,normal
U00026,51.14,28,3,3,206.88,71.81,2.0,0.302,,9,5,normal
U00073,81.32,33,3,2,281.4,142.03,5.0,0.172,0.0,39,5,normal
U00045,43.86,41,5,3,365.0,125.38,,0.201,0.0,52,4,normal
U00248,58.88,40,1,1,141.46,141.51,3.0,0.099,0.0,26,4,normal
U00722,63.21,80,10,8,1790.64,246.38,3.0,0.19,0.0,17,10,high_value
U00282,40.49,45,2,1,182.43,168.3,2.0,0.197,0.0,37,10,normal
U00894,70.38,67,10,3,598.18,181.25,10.0,0.75,0.0,37,8,promotion_abuse_like
U00915,85.85,56,15,9,1124.71,131.71,13.0,0.571,,41,11,promotion_abuse_like
U00811,168.19,99,15,1,89.86,94.18,1.0,0.085,0.0,47,14,low_conversion
U00245,59.42,36,4,0,0.0,146.11,0.0,0.141,0.0,42,5,normal
U00823,155.14,111,14,0,0.0,81.95,1.0,0.191,,24,14,low_conversion
U00322,58.7,40,4,1,176.02,182.23,1.0,0.119,,54,4,normal
U00644,66.73,35,3,2,249.33,106.91,0.0,0.186,0.0,1,8,normal
U00159,57.83,34,3,2,181.07,101.07,2.0,0.228,0.0,49,6,normal
U00978,262.29,259,8,0,0.0,105.82,2.0,0.273,0.0,74,45,high_activity_anomaly
U00430,59.48,37,3,0,0.0,122.65,2.0,0.072,0.0,19,6,normal
U00942,150.3,78,13,2,210.68,113.61,4.0,0.754,0.0,24,8,promotion_abuse_like
U00463,43.91,31,7,2,170.28,78.75,1.0,0.134,0.0,11,6,normal
U00310,54.49,46,3,1,126.02,141.5,1.0,0.266,0.0,12,5,normal
U00698,39.41,40,6,1,58.04,62.84,1.0,0.265,,50,5,normal
U00061,70.16,36,5,0,0.0,129.59,2.0,0.217,0.0,52,4,normal
U00885,47.99,72,6,0,0.0,35.8,8.0,0.15,0.0,4,14,promotion_abuse_like
U00596,5.27,33,4,4,671.61,168.44,0.0,0.172,0.0,9,5,normal
U00768,89.44,69,6,6,1396.64,262.55,2.0,0.183,0.0,18,16,high_value
U00650,57.7,34,2,0,0.0,124.36,2.0,0.21,0.0,13,5,normal
U00651,60.83,34,2,2,363.75,180.32,0.0,0.095,0.0,28,5,normal
U00866,133.87,133,17,0,0.0,110.6,,0.074,0.0,36,19,low_conversion
U00669,11.09,46,2,2,306.37,168.85,1.0,0.076,0.0,39,4,normal
U00299,75.21,43,2,2,191.88,117.93,1.0,0.175,0.0,18,4,normal
U00690,47.05,40,3,2,140.9,79.11,0.0,0.123,0.0,11,6,normal
U00315,40.78,38,3,2,293.69,144.19,1.0,0.084,0.0,49,5,normal
U00311,43.11,30,3,0,0.0,136.0,,0.207,0.0,2,5,normal
U00362,64.55,32,4,2,369.18,172.85,,0.201,0.0,17,7,normal
U00480,52.81,32,2,2,175.44,94.07,,0.042,0.0,18,4,normal
U00111,71.79,33,3,1,73.26,71.6,0.0,0.18,1.0,44,8,normal
U00990,326.9,272,11,2,320.84,158.63,3.0,0.282,0.0,33,35,high_activity_anomaly
U00487,55.66,30,5,2,304.58,121.25,,0.31,0.0,36,11,normal
U00364,48.84,38,4,0,0.0,157.05,1.0,0.196,0.0,2,7,normal
U00255,43.47,37,4,0,0.0,138.95,1.0,0.235,,40,7,normal
U00260,59.29,23,10,3,223.24,71.57,2.0,0.244,,41,4,normal
U00803,146.02,100,15,1,83.41,84.21,3.0,0.097,0.0,103,15,low_conversion
U00678,67.31,36,4,2,261.62,131.55,0.0,0.104,0.0,59,6,normal
U00495,51.82,27,8,0,0.0,216.38,0.0,0.17,0.0,55,8,normal
U00671,42.42,32,7,2,140.83,73.53,1.0,0.221,0.0,12,7,normal
U00378,73.4,41,6,2,161.42,84.35,0.0,0.122,1.0,5,9,normal
U00527,83.49,30,3,1,76.7,71.11,2.0,0.244,0.0,31,4,normal
U00846,148.33,109,19,0,0.0,84.73,1.0,0.281,0.0,64,14,low_conversion
U00138,31.41,42,2,2,214.29,103.27,2.0,0.249,0.0,43,6,normal
U00356,59.91,30,2,2,159.07,86.34,0.0,0.049,,56,6,normal
U00366,19.4,37,7,2,348.64,154.3,2.0,0.222,0.0,3,6,normal
U00943,86.77,73,12,0,0.0,173.6,7.0,0.439,0.0,12,8,promotion_abuse_like
U00750,92.25,62,10,10,3876.19,338.7,5.0,0.077,0.0,18,6,high_value
U00949,79.49,70,8,0,0.0,60.29,6.0,0.779,0.0,2,9,promotion_abuse_like
U00830,242.21,125,14,0,0.0,79.69,1.0,0.177,0.0,72,15,low_conversion
U00657,63.65,41,5,3,388.56,130.83,0.0,0.1,0.0,48,6,normal
U00200,55.58,40,5,3,286.64,98.59,,0.209,,35,7,normal
U00214,35.31,28,3,0,0.0,97.46,,0.29,0.0,29,5,normal
U00409,50.33,40,1,1,213.75,181.53,,0.111,0.0,2,4,normal
U00333,60.3,38,3,0,0.0,116.13,0.0,0.116,0.0,36,6,normal
U00209,0.14,23,3,1,120.03,117.46,1.0,0.162,0.0,21,7,normal
U00614,62.55,42,5,1,105.73,94.08,,0.189,,29,11,normal
U00079,76.83,34,2,1,118.25,126.04,1.0,0.263,0.0,56,2,normal
U00030,30.37,37,3,0,0.0,133.72,0.0,0.266,0.0,50,10,normal
U00536,29.91,39,4,1,88.32,91.76,0.0,0.262,0.0,49,4,normal
U00696,60.06,36,4,1,168.27,172.58,2.0,0.086,,6,7,normal
U00558,63.6,52,5,0,0.0,117.04,3.0,0.264,0.0,36,6,normal
U00837,122.75,123,18,1,157.97,150.19,,0.119,0.0,66,17,low_conversion
U00597,47.18,34,4,2,215.24,114.11,1.0,0.159,0.0,31,3,normal
U00166,43.91,38,3,2,267.06,127.02,1.0,0.102,0.0,18,2,normal
U00919,86.07,66,11,0,0.0,174.15,,0.511,,39,10,promotion_abuse_like
U00496,56.63,28,2,1,140.25,141.49,1.0,0.307,,42,3,normal
U00825,110.73,124,18,0,0.0,65.25,,0.264,1.0,43,13,low_conversion
U00066,31.68,28,3,0,0.0,93.64,0.0,0.164,0.0,1,6,normal
U00142,48.08,28,4,1,172.78,199.44,1.0,0.115,0.0,17,8,normal
U00926,102.81,65,11,5,410.63,90.79,5.0,0.761,0.0,19,11,promotion_abuse_like
U00828,241.02,132,19,1,95.18,93.12,,0.066,0.0,43,17,low_conversion
U00656,48.66,31,1,1,123.85,113.95,2.0,0.188,0.0,40,5,normal
U00332,37.11,44,6,0,0.0,91.14,3.0,0.321,0.0,42,8,normal
U00665,50.71,31,8,1,160.17,171.21,1.0,0.167,0.0,47,7,normal
U00250,71.35,32,3,0,0.0,152.03,,0.116,0.0,43,7,normal
U00908,86.01,72,1,1,120.32,108.91,13.0,0.855,0.0,10,9,promotion_abuse_like
U00709,81.24,62,10,9,1226.15,126.92,0.0,0.231,0.0,14,14,high_value
U00306,66.86,33,2,2,167.45,78.14,2.0,0.214,0.0,57,5,normal
U00735,83.41,52,10,10,2643.15,273.97,2.0,0.148,0.0,4,11,high_value
U00976,198.16,231,11,0,0.0,43.71,2.0,0.431,0.0,14,39,high_activity_anomaly
U00050,85.78,30,3,0,0.0,113.34,2.0,0.105,0.0,16,9,normal
U00897,119.63,71,8,0,0.0,145.85,11.0,0.546,0.0,26,13,promotion_abuse_like
U00003,52.05,41,5,0,0.0,129.37,1.0,0.037,0.0,53,8,normal
U00545,53.48,38,6,3,172.86,55.06,0.0,0.154,0.0,39,4,normal
U00351,22.42,30,2,2,244.96,150.1,1.0,0.176,0.0,27,4,normal
U00905,14.59,71,14,3,300.63,92.07,3.0,0.915,0.0,24,14,promotion_abuse_like
U00537,71.97,39,5,5,508.13,98.75,1.0,0.204,0.0,38,9,normal
U00345,32.96,27,2,1,101.95,101.36,0.0,0.033,0.0,42,7,normal
U00995,286.65,233,9,1,80.98,80.19,3.0,0.176,1.0,17,38,high_activity_anomaly
U00482,91.2,39,2,0,0.0,129.61,0.0,0.129,0.0,24,6,normal
U00576,74.89,42,0,0,0.0,75.63,1.0,0.237,0.0,44,4,normal
U00034,48.0,32,4,4,427.55,87.32,0.0,0.175,,49,5,normal
U00032,40.24,43,8,0,0.0,133.2,1.0,0.172,0.0,56,3,normal
U00232,42.81,33,2,1,54.45,61.01,1.0,0.204,,5,3,normal
U00964,372.99,254,13,1,75.87,89.92,2.0,0.128,0.0,50,49,high_activity_anomaly
U00193,35.64,32,3,0,0.0,122.65,,0.235,0.0,41,7,normal
U00334,71.61,34,4,2,251.2,145.71,,0.16,0.0,25,5,normal
U00004,44.54,28,2,1,114.25,113.36,0.0,0.097,0.0,6,6,normal
U00205,64.18,46,6,1,123.58,120.26,1.0,0.302,0.0,57,6,normal
U00515,41.17,30,3,2,225.28,105.37,1.0,0.186,0.0,54,7,normal
U00800,155.82,114,21,0,0.0,100.31,0.0,0.241,0.0,116,13,low_conversion
U00307,54.82,23,2,1,124.08,113.11,0.0,0.064,,30,6,normal
U00110,66.96,29,4,1,75.1,71.54,0.0,0.102,0.0,15,9,normal
U00431,70.23,38,7,3,255.94,87.93,0.0,0.132,0.0,1,2,normal
U00078,67.38,41,4,0,0.0,94.02,2.0,0.167,0.0,49,7,normal
U00085,54.86,30,5,0,0.0,84.15,0.0,0.377,0.0,14,4,normal
U00287,72.37,35,8,0,0.0,131.5,2.0,0.252,0.0,23,7,normal
U00083,73.28,29,4,0,0.0,81.45,4.0,0.319,0.0,26,8,normal
U00992,280.92,268,12,1,90.12,100.33,0.0,0.455,1.0,39,44,high_activity_anomaly
U00790,144.01,105,15,0,0.0,155.11,2.0,0.304,0.0,95,15,low_conversion
U00895,107.11,82,8,2,119.2,62.2,,0.546,2.0,44,8,promotion_abuse_like
U00399,45.78,38,3,3,276.54,96.12,0.0,0.145,0.0,41,9,normal
U00324,78.55,28,4,0,0.0,114.44,0.0,0.25,0.0,46,7,normal
U00520,57.72,37,5,4,451.05,110.67,1.0,0.224,0.0,12,5,normal
U00917,79.38,74,11,3,212.76,79.88,6.0,0.777,,23,6,promotion_abuse_like
U00923,113.97,84,7,3,406.9,132.48,,0.509,0.0,16,10,promotion_abuse_like
U00006,66.54,38,5,1,110.98,111.78,0.0,0.108,0.0,21,7,normal
U00732,55.79,70,19,9,1864.36,212.17,5.0,0.21,0.0,14,10,high_value
U00466,49.61,31,0,1,157.08,171.51,1.0,0.173,0.0,18,5,normal
U00098,56.66,47,1,0,0.0,144.93,0.0,0.281,0.0,54,8,normal
U00267,85.54,38,1,1,107.93,101.73,,0.2,0.0,55,7,normal
U00358,49.44,22,3,2,284.44,142.73,3.0,0.291,0.0,10,11,normal
U00869,120.09,143,21,1,103.72,98.59,1.0,0.209,0.0,74,16,low_conversion
U00799,167.79,124,9,1,62.42,66.78,1.0,0.236,1.0,60,15,low_conversion
U00381,46.58,28,2,0,0.0,121.24,0.0,0.261,0.0,18,9,normal
U00632,73.89,34,2,2,283.13,116.93,0.0,0.233,0.0,44,6,normal
U00382,43.67,49,3,1,110.34,113.06,1.0,0.226,0.0,7,7,normal
U00491,55.25,43,4,0,0.0,108.02,,0.192,0.0,40,6,normal
U00119,67.13,31,3,1,73.11,73.73,1.0,0.033,0.0,49,9,normal
U00901,65.39,79,12,10,1171.59,112.28,9.0,0.71,0.0,14,7,promotion_abuse_like
U00251,33.35,41,14,3,424.04,127.52,2.0,0.244,0.0,12,9,normal
U00524,63.73,34,3,3,283.13,99.05,1.0,0.217,,7,5,normal
U00010,44.49,41,6,0,0.0,140.89,0.0,0.129,0.0,21,5,normal
U00197,52.66,37,3,3,556.5,175.26,0.0,0.369,0.0,54,9,normal
U00604,69.88,29,7,0,0.0,116.63,1.0,0.074,0.0,11,5,normal
U00082,60.43,28,1,1,150.66,155.97,2.0,0.0,0.0,23,9,normal
U00784,159.8,127,19,1,118.59,126.28,2.0,0.092,0.0,63,16,low_conversion
U00588,75.97,36,7,0,0.0,119.55,0.0,0.217,0.0,44,10,normal
U00798,144.18,109,17,0,0.0,110.06,,0.185,0.0,31,15,low_conversion
U00240,41.46,30,5,2,337.94,160.22,2.0,0.168,,15,7,normal
U00291,53.35,27,4,0,0.0,142.19,0.0,0.041,0.0,45,4,normal
U00212,49.29,43,4,3,311.74,107.13,1.0,0.135,0.0,36,7,normal
U00718,125.67,65,11,11,4448.7,383.32,1.0,0.178,0.0,19,12,high_value
U00360,72.36,31,8,2,287.4,143.66,1.0,0.245,0.0,49,6,normal
U00450,60.99,33,6,1,69.73,72.53,0.0,0.247,0.0,47,6,normal
U00228,30.7,43,2,0,0.0,54.76,0.0,0.108,0.0,22,10,normal
U00951,385.64,250,9,0,0.0,149.38,4.0,0.181,0.0,14,42,high_activity_anomaly
U00947,76.4,80,8,0,0.0,63.97,10.0,0.208,0.0,2,12,promotion_abuse_like
U00797,249.95,111,15,0,0.0,64.76,1.0,0.253,0.0,80,10,low_conversion
U00502,66.0,34,4,0,0.0,134.24,1.0,0.355,0.0,11,7,normal
U00465,35.6,35,5,0,0.0,133.96,0.0,0.213,0.0,34,9,normal
U00363,51.47,27,4,0,0.0,139.92,2.0,0.115,0.0,29,8,normal
U00469,55.93,30,8,1,132.07,127.85,1.0,0.142,0.0,28,2,normal
U00936,78.26,52,4,4,265.81,68.9,7.0,0.554,0.0,38,3,promotion_abuse_like
U00429,48.67,43,4,1,64.24,80.67,0.0,0.281,,5,7,normal
U00008,36.77,37,7,4,829.94,195.26,2.0,0.345,0.0,38,6,normal
U00156,80.43,41,5,3,275.6,94.5,0.0,0.123,,48,7,normal
U00542,54.02,34,3,1,112.43,138.5,,0.169,,54,7,normal
U00441,71.86,28,7,0,0.0,149.29,3.0,0.27,0.0,35,7,normal
U00483,64.88,45,4,3,211.76,65.61,,0.162,0.0,43,9,normal
U00423,74.23,37,5,3,384.41,132.88,1.0,0.227,0.0,20,9,normal
U00779,93.5,76,11,6,2581.38,392.14,2.0,0.186,0.0,11,14,high_value
U00950,63.94,74,5,5,618.18,113.71,9.0,0.698,0.0,22,10,promotion_abuse_like
U00335,66.88,40,3,2,201.94,101.95,2.0,0.311,1.0,56,5,normal
U00577,59.99,33,4,0,0.0,93.49,1.0,0.257,0.0,6,5,normal
U00935,90.58,71,7,2,282.0,150.92,14.0,0.62,1.0,31,10,promotion_abuse_like
U00568,57.28,20,6,1,153.06,153.08,2.0,0.23,0.0,5,6,normal
U00595,38.98,43,3,1,126.18,124.46,3.0,0.203,0.0,22,4,normal
U00531,53.38,35,5,2,210.35,102.25,0.0,0.065,0.0,36,5,normal
U00582,72.48,39,4,1,123.7,123.25,2.0,0.161,0.0,17,6,normal
U00708,125.72,59,7,7,1620.38,277.06,1.0,0.039,0.0,5,8,high_value
U00449,65.82,35,5,0,0.0,140.17,1.0,0.152,,56,4,normal
U00454,45.61,27,5,3,348.72,116.59,0.0,0.284,0.0,2,5,normal
U00229,83.88,39,5,0,0.0,123.47,2.0,0.098,0.0,45,8,normal
U00353,35.33,29,3,3,296.66,91.42,0.0,0.215,0.0,42,4,normal
U00729,103.85,40,7,7,1360.93,213.4,3.0,0.223,0.0,9,9,high_value
U00213,28.61,29,1,1,117.77,124.89,3.0,0.039,0.0,38,9,normal
U00080,74.97,41,2,2,223.53,120.47,0.0,0.244,0.0,41,6,normal
U00149,42.55,37,4,0,0.0,120.51,0.0,0.213,0.0,39,4,normal
U00303,66.26,32,3,1,83.5,94.35,,0.012,0.0,2,6,normal
U00629,56.52,37,4,4,564.88,123.85,1.0,0.16,,37,7,normal
U00778,119.42,46,15,8,3165.08,354.92,2.0,0.104,,6,15,high_value
U00507,87.01,35,5,3,406.91,145.36,1.0,0.071,0.0,22,4,normal
U00343,34.79,40,5,2,308.71,128.84,2.0,0.141,0.0,52,6,normal
U00486,37.02,31,2,0,0.0,124.55,2.0,0.262,0.0,2,5,normal
U00712,84.74,54,8,8,1034.03,111.64,4.0,0.176,0.0,1,15,high_value
U00134,44.43,34,6,0,0.0,110.84,1.0,0.297,0.0,26,6,normal
U00704,93.98,53,11,0,0.0,383.84,,0.171,0.0,24,12,high_value
U00312,65.47,27,2,0,0.0,105.91,1.0,0.085,0.0,16,4,normal
U00723,140.73,53,7,7,1236.76,182.93,0.0,0.252,0.0,20,13,high_value
U00630,104.81,27,1,0,0.0,61.78,0.0,0.129,0.0,19,5,normal
U00001,59.68,41,4,0,0.0,117.74,0.0,0.141,,44,7,normal
U00317,53.74,42,4,4,271.54,74.57,0.0,0.179,0.0,54,5,normal
U00707,96.57,67,13,0,0.0,269.31,1.0,0.23,,20,5,high_value
U00548,73.61,40,1,0,0.0,139.04,,0.228,0.0,15,9,normal
U00873,198.5,122,19,0,0.0,93.73,3.0,0.419,0.0,46,12,low_conversion
U00533,49.51,32,1,1,82.74,74.7,1.0,0.15,0.0,36,2,normal
U00478,23.67,31,7,1,130.4,125.44,,0.117,0.0,53,4,normal
U00405,63.93,39,7,0,0.0,134.64,1.0,0.121,,39,5,normal
U00173,25.73,29,1,1,75.38,70.03,,0.049,0.0,30,3,normal
U00126,34.89,41,5,0,0.0,101.75,1.0,0.27,0.0,34,9,normal
U00395,24.14,46,2,2,223.7,108.58,,0.215,0.0,56,2,normal
U00421,45.57,32,0,1,91.86,83.84,0.0,0.159,0.0,32,6,normal
U00553,64.92,37,7,0,0.0,78.41,0.0,0.099,0.0,38,11,normal
U00904,98.91,83,4,3,267.92,90.79,2.0,0.658,0.0,33,7,promotion_abuse_like
U00091,52.33,40,2,2,299.25,150.58,1.0,0.266,,52,8,normal
U00940,43.7,79,9,0,0.0,108.66,10.0,0.516,0.0,37,5,promotion_abuse_like
U00182,26.9,40,4,3,382.93,113.07,0.0,0.26,0.0,5,6,normal
U00275,44.91,28,8,1,140.25,127.53,0.0,0.389,0.0,34,4,normal
U00896,102.67,77,11,0,0.0,154.33,10.0,0.344,0.0,17,7,promotion_abuse_like
U00070,30.76,31,4,0,0.0,133.84,2.0,0.074,0.0,6,6,normal
U00292,45.45,31,4,3,525.53,168.26,1.0,0.246,0.0,18,11,normal
U00132,81.61,31,5,0,0.0,31.22,0.0,0.246,,14,2,normal
U00301,35.0,33,2,0,0.0,141.6,1.0,0.118,0.0,44,4,normal
U00425,97.08,31,4,4,562.78,137.41,0.0,0.089,0.0,53,5,normal
U00327,47.86,38,6,1,109.92,118.28,1.0,0.108,0.0,20,5,normal
U00145,59.16,41,1,1,99.64,90.95,,0.252,0.0,8,4,normal
U00424,56.76,50,3,1,70.17,60.42,0.0,0.149,0.0,58,10,normal
U00581,95.99,30,3,0,0.0,192.93,1.0,0.161,0.0,2,5,normal
U00136,70.82,33,2,0,0.0,60.8,0.0,0.045,0.0,53,6,normal
U00451,40.43,34,5,2,178.92,96.46,2.0,0.273,0.0,24,5,normal
U00165,44.89,28,2,2,282.2,146.1,1.0,0.124,0.0,30,7,normal
U00029,71.46,38,3,3,216.32,75.88,0.0,0.2,0.0,45,9,normal
U00774,106.76,74,9,9,2852.66,296.5,2.0,0.154,0.0,5,10,high_value
U00194,45.02,35,4,2,236.32,136.13,2.0,0.12,0.0,16,2,normal
U00389,69.12,36,2,1,119.64,118.9,2.0,0.225,0.0,21,4,normal
U00853,148.27,102,19,0,0.0,113.16,2.0,0.377,0.0,85,12,low_conversion
U00170,68.14,41,1,1,119.5,121.48,2.0,0.22,0.0,42,7,normal
U00706,157.06,72,6,6,1271.94,213.72,1.0,0.177,,11,13,high_value
U00141,34.87,39,0,1,124.38,140.42,,0.24,0.0,13,5,normal
U00174,68.05,39,1,1,181.68,177.54,1.0,0.264,1.0,32,6,normal
U00007,52.96,35,3,1,82.14,80.94,0.0,0.301,0.0,50,11,normal
U00746,72.99,56,6,0,0.0,269.21,1.0,0.173,0.0,14,11,high_value
U00479,55.31,37,2,0,0.0,140.08,0.0,0.034,0.0,8,11,normal
U00074,69.57,32,1,0,0.0,163.58,1.0,0.009,,37,9,normal
U00911,29.1,64,7,0,0.0,91.0,4.0,0.75,0.0,26,9,promotion_abuse_like
U00814,181.61,133,10,0,0.0,74.07,4.0,0.319,0.0,28,15,low_conversion
U00239,22.55,46,3,0,0.0,140.58,1.0,0.094,0.0,29,3,normal
U00146,49.61,49,4,2,114.69,61.38,1.0,0.087,0.0,45,7,normal
U00793,93.95,115,20,0,0.0,139.01,4.0,0.357,0.0,89,11,low_conversion
U00235,56.71,45,2,0,0.0,125.19,0.0,0.072,0.0,52,1,normal
U00221,36.69,41,3,0,0.0,134.91,,0.14,0.0,17,7,normal
U00924,107.14,74,8,6,580.73,103.41,,0.598,0.0,23,12,promotion_abuse_like
U00501,62.88,36,7,2,303.33,144.92,2.0,0.131,0.0,17,13,normal
U00133,38.79,34,3,2,279.48,140.84,3.0,0.185,0.0,13,6,normal
U00991,313.63,246,8,1,81.49,78.97,4.0,0.284,0.0,33,35,high_activity_anomaly
U00775,113.5,53,8,8,598.64,78.9,4.0,0.187,,5,10,high_value
U00186,34.54,41,4,2,168.31,81.76,3.0,0.115,,2,7,normal
U00042,46.15,32,5,4,738.96,168.75,0.0,0.215,0.0,23,7,normal
U00697,42.44,31,2,0,0.0,127.18,,0.234,0.0,21,8,normal
U00109,46.68,25,8,2,179.19,98.43,0.0,0.278,0.0,1,7,normal
U00589,71.7,35,2,2,218.48,100.09,1.0,0.139,0.0,29,7,normal
U00057,35.97,37,3,0,0.0,161.71,1.0,0.19,0.0,20,6,normal
U00406,71.4,45,4,1,142.96,139.1,2.0,0.0,0.0,15,11,normal
U00443,57.29,32,5,4,279.14,76.12,1.0,0.113,0.0,44,10,normal
U00758,105.42,74,11,11,3007.12,274.41,2.0,0.101,0.0,22,5,high_value
U00998,236.31,244,10,0,0.0,104.33,1.0,0.066,0.0,51,44,high_activity_anomaly
U00025,54.45,35,1,1,103.46,114.89,1.0,0.177,0.0,3,4,normal
U00468,61.03,26,2,1,120.88,105.59,2.0,0.248,0.0,57,5,normal
U00540,26.52,30,1,1,35.85,34.8,0.0,0.238,0.0,53,5,normal
U00532,38.75,34,8,1,112.4,120.29,3.0,0.147,0.0,29,3,normal
U00619,64.3,33,4,0,0.0,96.49,,0.184,0.0,9,8,normal
U00695,72.64,44,4,0,0.0,130.42,0.0,0.319,0.0,36,7,normal
U00927,98.03,77,7,5,319.48,57.67,8.0,0.616,1.0,42,10,promotion_abuse_like
U00339,37.1,34,8,0,0.0,138.97,1.0,0.049,0.0,27,8,normal
U00052,36.45,35,2,1,104.93,104.88,,0.25,0.0,38,8,normal
U00508,39.4,34,4,1,141.5,149.43,0.0,0.055,0.0,22,7,normal
U00517,40.71,38,7,1,134.7,141.23,2.0,0.243,0.0,59,7,normal
U00921,86.52,62,8,6,723.72,119.95,9.0,0.529,0.0,28,13,promotion_abuse_like
U00782,115.59,119,25,0,0.0,88.13,0.0,0.287,0.0,102,14,low_conversion
U00265,49.48,43,6,4,600.78,146.48,0.0,0.175,0.0,45,4,normal
U00818,186.0,132,18,0,0.0,76.84,2.0,0.197,0.0,80,8,low_conversion
U00711,33.88,78,12,0,0.0,277.38,2.0,0.174,0.0,9,13,high_value
U00683,54.19,33,3,0,0.0,101.33,1.0,0.106,0.0,23,5,normal
U00833,120.88,129,14,0,0.0,175.33,2.0,0.113,0.0,46,13,low_conversion
U00519,59.22,37,3,2,234.44,117.45,,0.164,0.0,1,5,normal
U00448,59.04,27,6,1,83.28,105.27,0.0,0.177,,32,3,normal
U00019,56.76,40,1,1,113.04,99.8,0.0,0.203,0.0,30,5,normal
U00716,67.65,66,12,7,1104.22,166.33,2.0,0.178,0.0,20,5,high_value
U00484,68.07,35,4,3,437.44,128.84,0.0,0.0,0.0,27,7,normal
U00569,0.0,31,5,2,134.92,63.88,1.0,0.317,0.0,34,10,normal
U00434,53.29,36,4,1,113.44,114.69,1.0,0.138,0.0,37,3,normal
U00368,56.02,34,4,0,0.0,115.74,,0.143,0.0,26,4,normal
U00084,25.15,38,2,2,201.14,83.56,0.0,0.231,0.0,10,8,normal
U00062,38.48,48,4,0,0.0,112.07,1.0,0.199,0.0,10,7,normal
U00639,37.54,42,3,2,292.61,152.78,,0.22,0.0,23,5,normal
U00273,63.8,38,4,2,233.07,133.1,0.0,0.132,0.0,40,7,normal
U00286,59.17,32,3,0,0.0,139.04,2.0,0.171,0.0,55,2,normal
U00361,54.42,25,8,5,568.2,135.9,2.0,0.261,0.0,20,7,normal
U00355,86.0,32,8,1,81.95,74.67,0.0,0.079,0.0,2,7,normal
U00457,66.4,35,4,3,334.46,114.27,2.0,0.166,0.0,3,4,normal
U00279,49.78,41,5,2,209.52,97.87,,0.262,0.0,15,8,normal
U00013,30.91,29,4,2,218.64,104.06,1.0,0.055,0.0,10,3,normal
U00183,64.77,32,5,3,124.2,43.26,0.0,0.182,0.0,47,8,normal
U00369,31.85,41,4,1,114.54,118.64,1.0,0.164,0.0,13,7,normal
U00882,118.02,59,5,4,481.96,124.43,5.0,0.16,2.0,9,7,promotion_abuse_like
U00616,75.52,33,5,0,0.0,79.43,0.0,0.291,0.0,34,6,normal
U00224,24.06,22,8,4,658.18,163.27,,0.265,0.0,27,2,normal
U00573,19.29,30,4,2,247.5,128.34,0.0,0.241,0.0,13,6,normal
U00971,399.46,249,10,2,149.78,72.15,1.0,0.273,0.0,71,34,high_activity_anomaly
U00654,83.26,38,4,1,126.52,127.51,2.0,0.136,0.0,42,4,normal
U00546,67.15,35,5,5,764.17,143.62,1.0,0.0,0.0,11,4,normal
U00583,26.55,35,4,0,0.0,91.17,0.0,0.139,,8,5,normal
U00634,81.63,32,9,2,281.65,144.16,1.0,0.195,0.0,34,4,normal
U00177,56.83,47,3,2,231.12,106.17,0.0,0.222,0.0,22,11,normal
U00666,52.93,34,5,1,132.09,129.23,2.0,0.148,,15,6,normal
U00674,50.07,44,6,2,239.8,102.17,0.0,0.262,0.0,26,5,normal
U00586,76.65,27,9,0,0.0,102.0,0.0,0.263,0.0,55,7,normal
U00874,141.7,116,20,0,0.0,104.37,,0.32,0.0,33,15,low_conversion
U00394,59.62,42,3,3,289.19,94.82,0.0,0.222,0.0,45,8,normal
U00164,70.69,41,2,2,242.14,138.5,2.0,0.096,0.0,37,11,normal
U00249,36.56,37,4,3,384.37,153.07,1.0,0.151,0.0,36,2,normal
U00635,51.58,30,5,1,94.25,92.93,1.0,0.267,0.0,18,4,normal
U00886,78.43,70,12,5,466.06,102.29,6.0,0.625,0.0,40,9,promotion_abuse_like
U00670,64.08,43,1,0,0.0,145.48,1.0,0.171,0.0,31,6,normal
U00376,34.23,36,8,4,655.34,158.4,0.0,0.07,0.0,29,7,normal
U00413,68.91,33,4,1,148.11,141.03,,0.193,0.0,29,4,normal
U00075,56.72,29,5,1,172.74,194.14,1.0,0.149,0.0,20,6,normal
U00114,17.06,28,5,0,0.0,103.21,1.0,0.244,0.0,14,8,normal
U00599,46.12,40,4,3,165.5,57.28,1.0,0.222,0.0,38,4,normal
U00962,263.39,260,11,3,310.3,102.0,1.0,0.159,0.0,84,41,high_activity_anomaly
U00391,40.52,33,0,1,74.67,72.33,1.0,0.066,0.0,3,9,normal
U00105,19.47,39,6,0,0.0,122.13,3.0,0.126,0.0,43,6,normal
U00115,68.85,23,7,1,87.9,106.46,1.0,0.204,0.0,15,6,normal
U00418,54.5,43,2,1,107.71,97.91,3.0,0.225,,24,7,normal
U00526,31.84,41,4,3,398.21,131.01,0.0,0.186,0.0,14,8,normal
U00458,65.89,42,5,0,0.0,109.63,4.0,0.246,0.0,13,10,normal
U00410,56.13,37,3,2,185.2,82.55,1.0,0.133,,11,5,normal
U00093,47.03,47,5,0,0.0,157.19,1.0,0.161,0.0,15,4,normal
U00931,123.55,62,7,2,204.47,106.79,,0.562,0.0,21,10,promotion_abuse_like
U00090,49.11,30,2,0,0.0,92.47,0.0,0.232,0.0,5,9,normal
U00337,41.26,36,5,0,0.0,145.45,1.0,0.167,0.0,19,3,normal
U00989,286.83,262,16,0,0.0,75.78,,0.277,0.0,34,37,high_activity_anomaly
U00922,105.59,61,7,4,353.92,88.71,13.0,0.418,0.0,36,8,promotion_abuse_like
U00934,117.6,72,8,3,389.02,129.82,,0.658,0.0,40,4,promotion_abuse_like
U00606,79.64,44,5,1,79.63,92.52,1.0,0.137,0.0,17,7,normal
U00594,46.18,35,4,2,213.92,103.49,3.0,0.236,,2,6,normal
U00612,95.22,25,4,1,151.38,166.47,1.0,0.103,0.0,47,7,normal
U00095,62.96,32,4,3,386.68,119.15,,0.159,0.0,38,10,normal
U00012,65.91,35,3,3,353.26,107.58,0.0,0.218,0.0,41,5,normal
U00397,68.89,24,2,0,0.0,136.98,1.0,0.231,0.0,20,7,normal
U00534,77.13,44,3,0,0.0,124.28,0.0,0.285,0.0,27,10,normal
U00044,41.06,45,7,1,160.32,154.85,0.0,0.048,0.0,26,5,normal
U00043,71.07,33,8,0,0.0,120.59,0.0,0.102,0.0,27,5,normal
U00330,46.67,43,7,0,0.0,155.9,2.0,0.136,0.0,58,6,normal
U00168,35.84,42,4,3,208.76,69.41,2.0,0.28,0.0,42,5,normal
U00498,74.46,22,6,2,205.97,109.25,0.0,0.212,1.0,52,3,normal
U00877,200.65,134,20,0,0.0,121.25,0.0,0.183,0.0,75,14,low_conversion
U00598,61.65,42,2,2,285.66,152.19,2.0,0.204,0.0,36,3,normal
U00757,111.32,65,7,7,2005.65,282.51,6.0,0.144,0.0,22,4,high_value
U00101,54.99,31,4,3,270.35,91.55,2.0,0.009,0.0,53,10,normal
U00427,60.83,44,4,0,0.0,164.79,,0.161,0.0,35,5,normal
U00179,59.8,28,4,0,0.0,115.11,,0.165,,2,6,normal
U00445,68.17,43,2,2,187.16,88.37,1.0,0.186,0.0,40,3,normal
U00417,56.22,30,4,0,0.0,158.71,1.0,0.149,0.0,1,8,normal
U00871,164.89,120,18,0,0.0,49.38,0.0,0.075,0.0,89,14,low_conversion
U00883,145.1,60,4,2,294.04,157.9,,0.95,1.0,6,7,promotion_abuse_like
U00681,67.03,39,5,3,268.43,80.94,,0.243,0.0,31,2,normal
U00178,18.86,21,5,0,0.0,61.65,0.0,0.172,0.0,28,6,normal
U00396,42.15,38,7,2,253.5,116.42,0.0,0.131,,32,5,normal
U00912,104.42,73,8,7,582.26,89.76,,0.358,0.0,13,5,promotion_abuse_like
U00794,148.97,114,21,0,0.0,86.48,,0.195,0.0,34,14,low_conversion
U00961,254.23,272,9,0,0.0,166.84,2.0,0.199,0.0,88,44,high_activity_anomaly
U00685,67.71,44,6,0,0.0,72.98,,0.136,0.0,56,5,normal
U00384,58.51,37,5,4,856.05,175.46,1.0,0.167,0.0,4,4,normal
U00957,171.16,254,17,0,0.0,154.87,2.0,0.422,0.0,44,45,high_activity_anomaly
U00752,102.61,54,13,7,1551.58,213.02,,0.148,0.0,18,8,high_value
U00258,41.78,39,4,0,0.0,63.05,0.0,0.222,,1,5,normal
U00539,43.83,35,4,0,0.0,136.79,,0.191,0.0,5,5,normal
U00336,89.5,35,3,1,88.88,90.88,3.0,0.169,0.0,57,9,normal
U00016,43.07,28,4,1,116.12,105.75,0.0,0.096,0.0,49,5,normal
U00325,46.12,39,3,0,0.0,77.71,0.0,0.133,0.0,17,4,normal
U00759,72.98,49,12,0,0.0,366.17,,0.087,0.0,11,12,high_value
U00223,68.18,30,4,0,0.0,131.68,,0.186,0.0,31,5,normal
U00180,35.86,40,2,0,0.0,131.72,0.0,0.086,0.0,52,6,normal
U00984,313.65,247,11,0,0.0,111.36,0.0,0.581,0.0,24,44,high_activity_anomaly
U00023,55.68,41,7,2,303.84,139.68,0.0,0.337,0.0,17,6,normal
U00357,61.83,35,3,0,0.0,142.57,3.0,0.201,0.0,27,9,normal
U00667,83.67,29,4,4,588.38,144.81,,0.125,0.0,19,5,normal
U00862,189.53,103,20,1,83.22,73.31,3.0,0.398,0.0,63,14,low_conversion
U00341,63.96,30,3,3,211.87,72.67,0.0,0.209,0.0,31,4,normal
U00432,60.74,46,6,2,285.63,164.41,1.0,0.151,0.0,22,7,normal
U00552,74.52,43,5,0,0.0,150.25,1.0,0.091,,9,6,normal
U00834,39.5,138,15,0,0.0,127.12,4.0,0.256,0.0,46,12,low_conversion
U00204,40.95,33,5,0,0.0,127.48,2.0,0.318,,28,5,normal
U00631,70.02,45,4,0,0.0,155.31,1.0,0.158,0.0,35,3,normal
U00094,54.29,32,1,0,0.0,113.17,1.0,0.222,0.0,19,3,normal
U00559,69.21,44,2,1,182.43,160.83,1.0,0.18,0.0,44,10,normal
U00069,60.34,40,4,3,347.65,140.18,5.0,0.115,,45,7,normal
U00623,72.99,47,5,3,330.63,103.26,3.0,0.14,0.0,36,4,normal
U00285,64.82,31,5,0,0.0,164.69,2.0,0.203,0.0,9,5,normal
U00845,192.99,114,20,1,76.91,73.43,,0.187,0.0,91,10,low_conversion
U00435,49.02,31,4,1,140.44,140.71,1.0,0.146,0.0,21,7,normal
U00154,66.8,28,2,2,112.1,62.68,1.0,0.157,0.0,21,4,normal
U00076,11.15,45,7,0,0.0,60.76,1.0,0.274,,51,6,normal
U00731,110.82,55,7,0,0.0,223.88,2.0,0.134,0.0,5,9,high_value
U00447,35.64,36,1,1,145.92,151.71,2.0,0.212,0.0,10,7,normal
U00189,44.53,37,3,2,227.58,113.61,1.0,0.116,0.0,15,5,normal
U00272,83.35,28,5,2,305.36,155.1,4.0,0.189,0.0,39,3,normal
U00237,15.75,36,2,1,85.31,90.26,2.0,0.228,,49,8,normal
U00488,58.11,30,4,1,131.21,129.07,1.0,0.028,0.0,51,4,normal
U00118,39.17,22,4,0,0.0,94.26,1.0,0.214,0.0,1,3,normal
U00944,90.7,58,7,5,585.27,115.17,7.0,0.585,0.0,29,8,promotion_abuse_like
U00513,28.26,27,2,2,230.51,113.28,0.0,0.126,0.0,51,6,normal
U00826,165.61,147,11,1,116.06,121.44,1.0,0.091,1.0,105,18,low_conversion
U00592,45.87,45,2,2,163.72,85.81,,0.388,0.0,3,6,normal
U00127,62.46,37,5,3,277.23,94.0,0.0,0.165,0.0,4,8,normal
U00117,66.6,33,3,1,179.17,177.76,1.0,0.29,0.0,42,6,normal
U00474,93.18,32,6,1,125.43,114.16,2.0,0.102,0.0,37,7,normal
U00694,46.97,41,3,0,0.0,102.07,0.0,0.166,0.0,59,9,normal
U00058,36.07,38,6,0,0.0,78.45,1.0,0.057,0.0,49,4,normal
U00864,195.41,117,16,1,193.72,164.26,2.0,0.236,0.0,103,15,low_conversion
U00913,77.07,74,5,5,770.86,156.01,,0.687,,30,4,promotion_abuse_like
U00370,54.38,48,8,0,0.0,111.47,0.0,0.171,0.0,27,11,normal
U00269,68.86,30,2,0,0.0,18.61,1.0,0.247,0.0,19,8,normal
U00047,44.82,27,2,0,0.0,82.83,0.0,0.327,0.0,41,10,normal
U00350,46.13,47,0,1,167.36,166.22,1.0,0.105,,36,3,normal
U00196,65.85,34,5,0,0.0,143.06,2.0,0.192,0.0,10,6,normal
U01000,285.31,245,13,3,244.81,76.08,,0.12,0.0,59,34,high_activity_anomaly
U00835,141.72,126,14,0,0.0,110.48,0.0,0.198,0.0,64,9,low_conversion
U00737,103.84,68,8,8,1467.89,214.06,1.0,0.089,0.0,22,7,high_value
U00264,50.75,39,1,0,0.0,124.45,,0.1,0.0,59,5,normal
U00444,53.86,39,5,0,0.0,98.33,2.0,0.28,0.0,54,5,normal
U00676,27.41,41,5,4,579.31,137.67,,0.097,0.0,26,7,normal
U00305,86.99,39,6,2,301.6,162.84,1.0,0.142,0.0,5,9,normal
U00342,56.84,34,2,2,273.04,146.43,1.0,0.204,0.0,46,6,normal
U00967,231.47,252,9,1,90.95,83.71,2.0,0.389,0.0,46,40,high_activity_anomaly
U00150,51.96,35,3,3,310.4,92.68,3.0,0.179,0.0,37,6,normal
U00125,56.03,41,5,1,150.83,157.88,0.0,0.187,0.0,12,3,normal
U00787,266.32,138,14,0,0.0,70.25,,0.275,0.0,68,15,low_conversion
U00051,95.82,41,4,3,451.41,160.33,0.0,0.226,,33,5,normal
U00354,28.95,31,1,1,117.95,112.65,2.0,0.182,0.0,21,4,normal
U00928,65.13,62,6,6,602.95,109.49,8.0,0.509,0.0,16,5,promotion_abuse_like
U00143,66.9,27,1,1,136.12,119.3,0.0,0.123,0.0,25,5,normal
U00471,64.14,35,3,0,0.0,165.81,,0.068,0.0,50,8,normal
U00400,80.22,46,6,3,333.6,114.41,1.0,0.137,0.0,1,9,normal
U00626,59.69,26,7,2,278.71,142.12,1.0,0.349,0.0,15,9,normal
U00321,8.17,40,3,2,249.85,119.44,2.0,0.216,0.0,9,7,normal
U00020,38.07,34,2,0,0.0,88.55,1.0,0.13,0.0,11,9,normal
U00810,131.89,127,13,1,107.46,111.05,0.0,0.21,0.0,100,12,low_conversion
U00791,227.16,137,18,0,0.0,154.98,,0.11,0.0,101,14,low_conversion
U00809,181.39,125,16,0,0.0,107.17,0.0,0.093,0.0,97,8,low_conversion
U00408,63.81,49,5,1,83.74,77.53,0.0,0.153,0.0,58,5,normal
U00538,63.86,38,5,0,0.0,135.91,1.0,0.137,0.0,15,4,normal
U00621,81.46,32,2,2,167.28,79.97,1.0,0.165,0.0,58,6,normal
U00039,41.06,29,4,0,0.0,142.71,3.0,0.124,0.0,3,3,normal
U00176,46.78,31,2,2,230.99,131.11,2.0,0.12,0.0,37,5,normal
U00246,23.02,45,2,1,113.39,102.73,1.0,0.36,0.0,21,4,normal
U00829,207.2,111,13,0,0.0,100.55,1.0,0.148,0.0,72,12,low_conversion
U00668,48.62,41,4,0,0.0,146.86,4.0,0.2,0.0,31,6,normal
U00755,61.16,58,15,15,3167.62,201.37,1.0,0.163,0.0,3,6,high_value
U00859,197.08,128,20,0,0.0,135.43,0.0,0.18,0.0,42,13,low_conversion
U00155,35.48,39,3,3,504.8,151.44,0.0,0.053,0.0,17,6,normal
U00288,56.58,41,5,3,274.55,97.82,1.0,0.108,,50,6,normal
U00603,59.71,45,3,1,51.4,51.4,0.0,0.154,0.0,27,3,normal
U00570,31.99,47,10,0,0.0,130.04,0.0,0.042,0.0,25,4,normal
U00744,82.43,51,9,0,0.0,316.06,4.0,0.153,0.0,2,10,high_value
U00018,75.29,35,5,3,239.61,78.12,,0.181,0.0,11,8,normal
U00128,65.42,43,3,1,145.88,145.95,3.0,0.194,,11,3,normal
U00323,46.39,45,4,1,166.63,163.65,0.0,0.222,0.0,36,5,normal
U00256,50.12,46,3,3,387.26,127.14,1.0,0.279,0.0,13,7,normal
U00658,100.57,35,5,2,337.01,149.77,1.0,0.27,,40,5,normal
U00965,303.05,268,9,0,0.0,164.99,2.0,0.485,0.0,16,52,high_activity_anomaly
U00191,63.15,34,4,4,391.13,91.29,2.0,0.214,0.0,20,2,normal
U00116,76.99,39,5,3,306.24,99.1,1.0,0.238,0.0,13,4,normal
U00617,55.21,35,3,2,248.29,136.92,3.0,0.147,0.0,20,7,normal
U00607,56.01,40,2,1,110.61,112.55,1.0,0.257,0.0,36,5,normal
U00181,58.59,43,1,1,152.88,143.67,1.0,0.179,0.0,20,2,normal
U00302,76.4,41,1,1,202.42,206.81,2.0,0.267,0.0,31,5,normal
U00760,98.42,67,17,14,3742.97,239.69,3.0,0.122,0.0,15,5,high_value
U00713,92.54,45,11,10,2416.27,251.83,3.0,0.126,0.0,11,8,high_value
U00724,113.43,60,16,0,0.0,284.75,0.0,0.138,0.0,15,12,high_value
U00686,25.12,41,4,1,109.04,111.17,1.0,0.195,0.0,9,9,normal
U00980,337.74,262,10,0,0.0,141.01,,0.269,0.0,24,50,high_activity_anomaly
U00518,35.21,34,1,1,105.88,89.41,2.0,0.253,0.0,6,11,normal
U00985,282.85,268,8,5,488.83,106.52,2.0,0.266,0.0,48,41,high_activity_anomaly
U00046,43.19,35,3,0,0.0,175.56,1.0,0.14,0.0,56,5,normal
U00910,62.2,86,10,7,233.59,30.33,8.0,0.73,0.0,44,3,promotion_abuse_like
U00158,60.22,41,1,1,96.47,94.33,2.0,0.206,0.0,33,7,normal
U00852,52.58,126,21,0,0.0,112.05,2.0,0.243,0.0,62,14,low_conversion
U00172,80.66,39,2,2,316.8,164.72,0.0,0.151,0.0,27,7,normal
U00017,89.61,31,4,2,334.0,161.0,0.0,0.12,0.0,8,9,normal
U00512,43.31,33,4,3,478.49,136.41,1.0,0.144,1.0,59,7,normal
U00049,66.32,32,5,4,522.33,143.56,1.0,0.339,0.0,51,9,normal
U00972,210.07,269,11,0,0.0,51.46,3.0,0.319,0.0,6,36,high_activity_anomaly
U00941,36.24,73,8,0,0.0,75.42,6.0,0.378,0.0,4,8,promotion_abuse_like
U00516,56.55,41,5,0,0.0,126.25,3.0,0.193,0.0,13,4,normal
U00953,263.0,275,18,1,127.53,119.04,3.0,0.248,0.0,7,40,high_activity_anomaly
U00481,46.57,33,4,2,274.5,126.78,1.0,0.137,0.0,43,2,normal
U00284,62.03,39,6,1,85.62,86.62,3.0,0.282,0.0,30,4,normal
U00719,153.65,67,9,9,2513.24,278.55,2.0,0.194,,4,15,high_value
U00878,121.3,134,17,0,0.0,110.99,1.0,0.045,0.0,21,21,low_conversion
U00226,39.46,37,6,3,343.46,104.22,1.0,0.424,0.0,39,6,normal
U00027,29.04,39,5,1,78.16,72.25,2.0,0.136,0.0,37,8,normal
U00955,259.0,292,14,3,262.05,90.49,2.0,0.414,0.0,88,37,high_activity_anomaly
U00438,42.05,31,3,3,355.99,134.29,,0.167,1.0,9,4,normal
U00952,308.95,308,5,1,143.68,158.51,1.0,0.378,0.0,62,41,high_activity_anomaly
U00365,29.68,29,1,0,0.0,136.7,2.0,0.277,0.0,34,7,normal
U00230,54.4,41,3,3,266.7,92.21,,0.163,0.0,14,6,normal
U00038,67.08,40,4,1,23.74,23.74,,0.149,0.0,34,11,normal
U00966,397.01,313,11,2,146.74,71.11,1.0,0.192,,67,46,high_activity_anomaly
U00375,61.97,44,2,0,0.0,94.25,0.0,0.174,0.0,58,6,normal
U00470,63.66,28,4,1,77.81,80.21,,0.307,0.0,2,5,normal
U00968,310.94,258,13,0,0.0,211.45,,0.373,0.0,26,44,high_activity_anomaly
U00851,187.29,120,19,0,0.0,118.25,2.0,0.144,0.0,23,21,low_conversion
U00705,62.77,65,8,8,1451.86,189.68,,0.168,0.0,17,8,high_value
U00842,90.74,101,13,0,0.0,120.45,1.0,0.054,0.0,41,14,low_conversion
U00195,74.28,38,5,5,577.45,110.63,,0.101,,51,4,normal
U00855,157.15,110,12,0,0.0,78.36,,0.235,0.0,36,19,low_conversion
U00865,137.26,109,18,1,88.89,91.69,1.0,0.173,0.0,113,22,low_conversion
U00504,69.23,30,3,0,0.0,112.5,1.0,0.202,0.0,56,2,normal
U00970,223.53,258,9,1,91.5,84.34,0.0,0.234,0.0,8,51,high_activity_anomaly
U00831,237.46,117,17,1,107.57,107.81,1.0,0.34,0.0,80,19,low_conversion
U00580,67.55,41,3,3,553.42,182.94,1.0,0.202,,41,3,normal
U00969,235.08,232,15,2,301.33,142.94,2.0,0.294,0.0,28,45,high_activity_anomaly
U00163,59.24,37,8,0,0.0,116.86,1.0,0.05,0.0,5,5,normal
U00909,74.46,71,14,4,302.52,83.9,4.0,0.404,0.0,30,6,promotion_abuse_like
U00153,29.85,47,3,3,256.37,101.19,1.0,0.137,0.0,38,7,normal
U00802,122.17,111,12,0,0.0,106.6,1.0,0.176,0.0,64,14,low_conversion
U00994,257.64,276,13,8,1015.97,134.72,2.0,0.156,0.0,54,49,high_activity_anomaly
U00756,88.69,56,13,0,0.0,199.43,2.0,0.074,0.0,5,12,high_value
U00112,63.71,46,4,1,148.67,141.75,2.0,0.256,0.0,42,3,normal
U00227,78.28,26,3,3,420.77,126.79,1.0,0.135,0.0,54,6,normal
U00689,34.12,39,6,1,82.84,92.41,0.0,0.261,0.0,39,4,normal
U00104,19.85,34,2,1,148.77,149.81,2.0,0.17,0.0,10,4,normal
U00422,62.6,46,5,5,525.96,121.8,1.0,0.194,0.0,24,7,normal
U00420,94.72,32,2,2,152.61,74.74,2.0,0.26,0.0,5,9,normal
U00751,57.6,68,10,10,2674.93,261.93,,0.246,0.0,5,15,high_value
U00587,47.32,36,5,0,0.0,128.32,0.0,0.287,0.0,2,4,normal
U00781,154.81,127,21,0,0.0,67.39,0.0,0.401,,56,16,low_conversion
U00673,53.44,40,2,1,173.24,157.3,2.0,0.1,0.0,33,7,normal
U00120,70.49,37,8,0,0.0,147.86,2.0,0.138,0.0,17,4,normal
U00054,33.83,26,1,0,0.0,194.28,1.0,0.152,0.0,57,4,normal
U00152,62.08,36,4,1,175.88,180.76,3.0,0.28,0.0,58,8,normal
U00404,62.03,33,2,1,75.06,63.52,0.0,0.323,0.0,18,4,normal
U00946,61.82,64,9,3,328.67,106.16,8.0,0.58,1.0,30,5,promotion_abuse_like
U00208,76.43,36,6,0,0.0,125.12,0.0,0.056,0.0,58,4,normal
U00659,81.64,30,2,2,262.99,146.22,2.0,0.147,0.0,47,8,normal
U00844,226.9,108,16,1,138.16,138.05,1.0,0.266,0.0,58,13,low_conversion
U00763,96.58,64,13,9,2521.03,329.0,3.0,0.187,0.0,18,9,high_value
U00009,57.28,42,4,1,114.75,112.3,0.0,0.199,0.0,58,9,normal
U00808,204.48,114,13,0,0.0,118.61,2.0,0.276,0.0,60,22,low_conversion
U00037,31.39,42,6,2,189.11,97.97,1.0,0.16,0.0,53,5,normal
U00453,41.61,29,3,3,434.1,135.83,3.0,0.085,,19,6,normal
U00652,76.77,30,7,4,660.02,162.06,0.0,0.217,0.0,1,4,normal
U00254,57.96,42,3,0,0.0,130.63,0.0,0.133,,32,4,normal
U00304,32.24,31,4,0,0.0,85.36,0.0,0.164,0.0,5,8,normal
U00747,43.33,57,10,10,3266.36,361.42,2.0,0.183,0.0,21,13,high_value
U00572,45.16,29,2,2,132.57,70.07,0.0,0.117,0.0,5,3,normal
U00624,38.76,38,6,4,694.92,160.57,1.0,0.154,0.0,18,4,normal
U00733,128.85,43,5,0,0.0,299.75,0.0,0.239,0.0,2,6,high_value
U00892,70.8,63,9,6,663.88,100.84,12.0,0.595,0.0,34,6,promotion_abuse_like
U00263,69.34,34,3,3,338.99,103.41,0.0,0.215,0.0,22,3,normal
U00611,62.29,37,3,3,411.49,135.7,2.0,0.117,0.0,10,8,normal
U00298,29.71,34,3,3,309.59,89.6,1.0,0.175,0.0,14,10,normal
U00415,55.8,26,6,2,254.83,139.66,3.0,0.22,0.0,35,7,normal
U00151,73.79,41,4,2,109.09,51.6,1.0,0.136,0.0,38,5,normal
U00789,105.23,108,16,0,0.0,81.18,1.0,0.479,0.0,105,14,low_conversion
U00641,42.55,39,3,1,167.66,155.82,3.0,0.115,0.0,45,5,normal
U00890,146.93,66,8,6,592.93,92.52,8.0,0.577,0.0,11,13,promotion_abuse_like
U00551,59.44,28,3,0,0.0,92.88,0.0,0.262,0.0,53,10,normal
U00887,90.44,53,10,2,213.35,108.54,4.0,0.683,0.0,42,7,promotion_abuse_like
U00489,21.59,30,4,0,0.0,166.81,1.0,0.116,0.0,49,13,normal
U00148,63.55,38,1,1,52.79,64.08,0.0,0.16,0.0,34,7,normal
U00147,67.1,38,8,2,235.78,107.67,0.0,0.164,0.0,21,1,normal
U00721,83.51,51,12,8,2198.93,279.99,1.0,0.079,0.0,15,9,high_value
U00932,34.27,66,4,4,213.73,55.08,7.0,0.567,0.0,35,10,promotion_abuse_like
U00740,98.47,56,6,6,1366.68,218.61,0.0,0.11,,19,5,high_value
U00660,75.15,32,5,0,0.0,81.18,1.0,0.318,0.0,26,8,normal
U00349,65.5,34,4,2,338.21,163.8,3.0,0.181,1.0,44,5,normal
U00464,39.69,36,6,3,246.35,85.04,,0.123,0.0,48,5,normal
U00326,66.87,44,4,0,0.0,166.81,,0.176,0.0,43,6,normal
U00187,16.19,37,7,4,789.69,169.95,3.0,0.211,,59,7,normal
U00124,68.45,46,2,1,136.55,149.61,2.0,0.175,0.0,46,2,normal
U00854,193.16,109,19,1,124.22,117.85,1.0,0.12,0.0,43,10,low_conversion
U00609,61.59,29,4,1,115.95,126.46,0.0,0.204,,57,6,normal
U00144,43.45,42,4,2,261.77,159.04,1.0,0.195,0.0,8,8,normal
U00959,225.32,257,11,2,264.29,134.04,3.0,0.269,0.0,53,34,high_activity_anomaly
U00198,66.14,35,3,1,115.28,115.4,1.0,0.24,,43,6,normal
U00610,49.81,32,3,2,333.73,174.8,2.0,0.171,1.0,59,3,normal
U00280,58.57,32,4,2,321.09,164.22,1.0,0.241,0.0,59,12,normal
U00294,46.86,33,3,3,425.13,144.8,4.0,0.142,0.0,16,4,normal
U00401,36.15,40,3,1,102.19,113.16,,0.27,,9,9,normal
U00123,50.92,43,7,1,104.28,101.58,1.0,0.31,,26,9,normal
U00184,73.44,40,4,4,286.8,66.04,2.0,0.114,0.0,58,7,normal
U00203,62.84,35,3,3,227.01,82.6,0.0,0.0,0.0,49,7,normal
U00439,42.5,43,0,0,0.0,81.51,1.0,0.128,0.0,8,8,normal
U00247,43.23,44,4,3,261.79,87.44,0.0,0.213,0.0,26,7,normal
U00416,40.44,39,3,2,188.06,100.45,1.0,0.155,,19,12,normal
U00933,130.92,53,7,7,739.5,85.3,2.0,0.619,1.0,2,6,promotion_abuse_like
U00766,123.89,66,16,15,3056.09,203.17,4.0,0.173,0.0,2,8,high_value
U00907,109.83,63,8,0,0.0,15.37,10.0,0.653,0.0,20,13,promotion_abuse_like
U00836,239.45,113,8,0,0.0,112.27,1.0,0.299,0.0,112,14,low_conversion
U00888,83.51,75,7,2,274.2,125.73,3.0,0.473,0.0,41,8,promotion_abuse_like
U00130,58.95,32,2,0,0.0,70.63,2.0,0.062,0.0,34,14,normal
U00638,69.61,30,4,3,282.82,109.39,0.0,0.136,0.0,57,9,normal
U00403,58.8,35,5,0,0.0,128.13,1.0,0.29,0.0,2,6,normal
U00785,236.02,115,14,0,0.0,104.24,0.0,0.295,0.0,73,14,low_conversion
U00771,90.35,78,9,7,1023.74,150.0,2.0,0.135,0.0,6,15,high_value
U00736,119.75,67,6,6,1992.08,317.15,2.0,0.184,0.0,23,15,high_value
U00914,42.39,76,3,3,287.81,83.43,8.0,0.539,0.0,20,8,promotion_abuse_like
U00220,44.5,34,8,0,0.0,73.8,4.0,0.197,0.0,21,5,normal
U00642,82.04,31,3,3,440.4,134.82,0.0,0.054,0.0,38,9,normal
U00916,101.27,79,6,5,690.44,160.31,11.0,0.531,1.0,12,15,promotion_abuse_like
U00753,101.66,58,12,12,3451.65,298.63,2.0,0.194,0.0,14,14,high_value
U00807,105.14,121,11,1,74.76,82.09,3.0,0.322,0.0,91,9,low_conversion
U00920,65.21,72,9,8,1000.07,114.16,7.0,0.513,5.0,5,7,promotion_abuse_like
U00625,27.05,42,1,0,0.0,106.25,0.0,0.166,0.0,28,5,normal
U00875,96.86,125,20,0,0.0,92.67,,0.282,0.0,45,14,low_conversion
U00761,117.18,61,7,6,1547.39,238.5,0.0,0.002,0.0,14,13,high_value
U00387,69.74,33,5,2,381.82,196.53,0.0,0.12,0.0,5,9,normal
U00973,114.94,263,12,2,252.97,113.4,4.0,0.262,0.0,51,46,high_activity_anomaly
U00510,55.2,35,2,2,284.74,146.68,,0.336,0.0,12,9,normal
U00268,30.87,32,6,0,0.0,132.76,,0.255,0.0,44,8,normal
U00820,188.93,123,17,0,0.0,136.35,1.0,0.311,,20,19,low_conversion
U00442,48.44,29,4,0,0.0,138.38,2.0,0.1,0.0,52,5,normal
U00497,65.89,28,4,4,693.14,159.58,0.0,0.179,,5,8,normal
U00113,50.31,32,5,2,231.76,119.85,1.0,0.253,0.0,44,9,normal
U00692,43.4,33,4,3,367.38,139.64,1.0,0.0,0.0,26,8,normal
U00233,40.57,36,4,0,0.0,134.17,,0.028,0.0,45,4,normal
U00870,206.85,114,17,0,0.0,93.78,1.0,0.28,,24,24,low_conversion
U00608,63.93,33,2,2,255.32,131.61,0.0,0.202,0.0,4,4,normal
U00672,55.77,41,5,2,350.66,190.34,1.0,0.163,,49,4,normal
U00374,62.33,35,1,0,0.0,113.81,0.0,0.182,0.0,40,7,normal
U00982,251.7,252,20,1,59.36,67.13,1.0,0.292,0.0,49,31,high_activity_anomaly
U00843,99.35,125,12,2,138.32,65.13,1.0,0.135,0.0,51,19,low_conversion
U00234,32.06,43,5,1,60.09,60.62,0.0,0.193,0.0,7,3,normal
U00786,186.7,114,14,0,0.0,141.55,0.0,0.385,0.0,52,12,low_conversion
U00677,45.69,28,6,3,323.75,110.26,1.0,0.076,0.0,10,6,normal
U00318,31.0,42,8,0,0.0,97.69,0.0,0.149,0.0,28,6,normal
U00649,15.64,42,4,0,0.0,121.62,1.0,0.288,0.0,31,4,normal
U00411,56.94,36,4,0,0.0,143.13,1.0,0.147,,54,6,normal
U00899,94.33,69,11,0,0.0,103.68,,0.589,,12,11,promotion_abuse_like
U00710,119.1,52,8,7,1990.04,302.19,1.0,0.251,0.0,24,7,high_value
U00359,51.89,36,1,0,0.0,83.26,0.0,0.186,0.0,14,9,normal
U00259,63.73,40,1,1,130.19,115.41,1.0,0.173,,52,5,normal
U00745,111.2,62,10,7,2252.26,296.76,0.0,0.245,0.0,9,15,high_value
U00628,46.15,34,4,1,156.21,146.04,0.0,0.22,0.0,33,7,normal
U00633,70.19,33,3,2,297.54,147.63,2.0,0.238,0.0,43,5,normal
U00283,30.52,40,5,3,282.73,105.72,0.0,0.263,0.0,4,5,normal
U00377,57.85,31,2,0,0.0,132.24,3.0,0.234,0.0,6,5,normal
U00385,66.33,31,3,0,0.0,79.53,0.0,0.34,0.0,54,5,normal
U00225,47.74,32,2,2,354.82,162.55,,0.151,0.0,42,6,normal
U00954,248.38,248,17,3,361.85,121.15,,0.217,0.0,80,42,high_activity_anomaly
U00815,121.17,112,17,0,0.0,107.57,1.0,0.267,0.0,97,12,low_conversion
U00473,48.28,31,2,2,224.45,96.57,0.0,0.124,0.0,11,7,normal
U00348,61.6,38,2,0,0.0,66.7,2.0,0.338,0.0,12,3,normal
U00506,78.25,33,3,0,0.0,113.7,1.0,0.253,,33,4,normal
U00640,51.83,46,5,0,0.0,113.76,2.0,0.22,0.0,20,5,normal
U00988,229.79,251,9,1,85.7,83.81,2.0,0.372,0.0,49,38,high_activity_anomaly
U00929,72.0,78,6,6,424.35,68.33,,0.428,0.0,9,9,promotion_abuse_like
U00906,47.17,65,8,0,0.0,92.57,11.0,0.357,0.0,17,1,promotion_abuse_like
U00620,15.05,28,3,2,253.19,137.45,1.0,0.087,0.0,16,5,normal
U00856,216.49,112,15,1,160.65,145.63,1.0,0.236,0.0,104,8,low_conversion
U00804,175.18,119,17,1,114.87,111.24,0.0,0.179,0.0,114,18,low_conversion
U00646,54.33,41,2,2,329.71,161.75,0.0,0.085,,44,5,normal
U00847,236.82,128,16,0,0.0,98.59,0.0,0.262,,88,18,low_conversion
U00557,51.49,30,2,2,332.6,164.64,1.0,0.275,0.0,23,7,normal
U00958,280.07,253,11,3,465.58,131.2,,0.173,0.0,56,35,high_activity_anomaly
U00578,63.25,31,4,4,143.64,36.43,1.0,0.178,1.0,41,7,normal
U00796,97.29,115,13,1,122.34,110.74,0.0,0.213,0.0,112,18,low_conversion
U00086,59.93,36,6,1,98.08,107.39,,0.117,0.0,38,6,normal
U00243,91.02,32,2,2,331.33,172.46,0.0,0.123,0.0,49,10,normal
U00699,25.35,40,3,0,0.0,127.11,,0.122,0.0,27,10,normal
U00160,51.24,29,1,1,136.37,132.07,1.0,0.224,0.0,14,6,normal
U00525,35.6,32,2,0,0.0,139.82,1.0,0.21,0.0,42,7,normal
U00036,64.12,39,11,0,0.0,145.02,2.0,0.081,0.0,1,3,normal
U00541,41.6,30,8,3,601.46,190.54,0.0,0.275,0.0,20,7,normal
U00171,87.56,32,5,1,106.0,105.52,0.0,0.351,,54,7,normal
U00655,37.04,34,0,1,106.19,95.43,0.0,0.065,0.0,47,5,normal
U00891,37.03,69,5,4,620.74,139.72,7.0,0.76,0.0,34,6,promotion_abuse_like
U00858,116.86,127,15,0,0.0,87.68,3.0,0.338,0.0,95,17,low_conversion
U00848,98.57,113,23,0,0.0,142.83,,0.088,0.0,28,6,low_conversion
U00945,84.14,81,8,8,1112.27,147.6,5.0,0.654,2.0,43,3,promotion_abuse_like
U00734,100.21,62,10,9,2567.04,292.4,2.0,0.138,0.0,18,15,high_value
U00096,49.52,38,5,3,329.68,100.3,1.0,0.153,0.0,1,5,normal
U00564,62.49,33,3,3,420.09,118.9,3.0,0.115,,56,8,normal
U00241,38.64,30,3,0,0.0,174.59,1.0,0.122,0.0,59,6,normal
U00743,137.45,60,8,8,2423.91,337.34,1.0,0.13,0.0,4,8,high_value
U00575,55.24,38,4,4,558.08,149.34,2.0,0.122,,54,6,normal
U00691,51.7,36,2,2,222.86,120.55,3.0,0.245,0.0,35,4,normal
U00461,24.23,42,1,1,148.15,134.38,4.0,0.247,0.0,51,4,normal
U00554,12.21,37,2,1,211.37,198.59,,0.119,0.0,6,6,normal
U00889,102.1,64,11,0,0.0,43.69,3.0,0.474,0.0,32,9,promotion_abuse_like
U00207,2.49,33,3,2,264.86,132.53,0.0,0.191,0.0,43,6,normal
U00393,82.78,38,3,1,103.97,95.95,3.0,0.158,0.0,19,9,normal
U00795,106.11,94,11,0,0.0,77.96,1.0,0.371,0.0,34,13,low_conversion
U00398,49.97,28,4,1,92.0,76.68,,0.14,0.0,19,9,normal
U00767,135.48,68,8,8,1475.91,186.21,1.0,0.087,0.0,21,9,high_value
U00849,201.9,116,15,0,0.0,69.25,0.0,0.322,0.0,114,18,low_conversion
U00218,54.01,36,5,2,193.24,102.3,0.0,0.078,0.0,57,7,normal
U00005,14.04,34,3,2,204.79,113.53,2.0,0.015,0.0,59,8,normal
U00769,86.42,68,8,8,1848.83,224.42,3.0,0.133,0.0,5,10,high_value
U00643,68.49,52,4,0,0.0,130.08,0.0,0.018,0.0,26,5,normal
U00930,104.03,61,5,5,569.25,124.13,9.0,0.624,,26,9,promotion_abuse_like
U00613,50.13,41,0,1,101.29,107.4,0.0,0.318,0.0,36,6,normal
U00739,97.01,56,11,11,2653.24,223.44,4.0,0.269,,9,10,high_value
U00547,12.14,51,4,0,0.0,100.22,2.0,0.324,0.0,3,7,normal
U00726,54.5,64,9,9,1863.52,213.21,0.0,0.085,0.0,17,11,high_value
U00684,19.7,27,4,2,266.26,125.11,0.0,0.254,0.0,54,4,normal
U00099,20.42,35,4,0,0.0,105.6,2.0,0.267,0.0,11,2,normal
U00805,223.84,119,21,0,0.0,52.81,1.0,0.14,0.0,56,19,low_conversion
U00728,110.78,58,15,11,1320.58,119.18,1.0,0.102,,7,3,high_value
U00574,77.23,46,6,3,326.22,108.32,0.0,0.164,0.0,54,6,normal
U00407,58.57,39,5,1,117.66,115.62,0.0,0.264,0.0,55,6,normal
U00503,47.18,28,3,2,253.37,134.11,,0.231,0.0,19,5,normal
U00048,74.79,35,5,0,0.0,119.71,1.0,0.331,0.0,38,12,normal
U00033,57.0,24,4,1,113.13,136.51,,0.064,0.0,41,5,normal
U00780,56.78,58,7,0,0.0,230.99,2.0,0.119,0.0,1,6,high_value
U00840,176.87,137,10,2,79.22,37.79,0.0,0.196,0.0,44,15,low_conversion
U00201,57.65,39,3,2,273.52,146.74,0.0,0.04,0.0,56,4,normal
U00135,55.2,46,3,2,232.8,114.32,0.0,0.054,0.0,8,3,normal
U00028,45.7,37,5,0,0.0,150.09,1.0,0.074,0.0,19,6,normal
U00881,75.77,71,18,7,883.24,136.03,7.0,0.416,0.0,29,10,promotion_abuse_like
U00231,34.09,34,8,4,388.27,113.48,1.0,0.042,0.0,56,6,normal
U00490,51.75,30,6,0,0.0,78.72,,0.112,0.0,20,5,normal
U00773,92.53,49,7,0,0.0,277.12,3.0,0.094,0.0,15,10,high_value
U00379,68.99,36,5,2,218.83,113.22,0.0,0.151,0.0,50,5,normal
U00289,62.06,37,5,0,0.0,134.9,,0.123,0.0,54,5,normal
U00419,58.48,39,4,2,247.27,125.72,1.0,0.246,0.0,32,11,normal
U00675,69.23,40,7,2,194.02,83.96,0.0,0.238,0.0,52,10,normal
U00392,22.45,33,0,0,0.0,105.6,2.0,0.214,0.0,51,4,normal
U00593,49.49,39,6,1,132.89,135.81,0.0,0.205,,56,9,normal
U00499,49.7,33,4,0,0.0,85.25,3.0,0.12,,43,5,normal
U00139,18.32,38,6,3,281.87,96.47,2.0,0.165,0.0,10,5,normal
U00063,105.57,35,9,4,528.82,120.39,,0.194,0.0,10,4,normal
U00472,65.85,44,5,5,631.07,126.53,3.0,0.166,0.0,12,8,normal
U00648,33.67,30,5,3,395.15,138.59,0.0,0.192,,30,8,normal
U00129,56.58,34,3,0,0.0,140.12,0.0,0.252,0.0,41,7,normal
U00977,204.19,269,9,3,191.56,63.61,,0.0,0.0,68,40,high_activity_anomaly
U00521,65.43,40,3,0,0.0,102.02,2.0,0.124,0.0,36,2,normal
U00839,135.04,134,17,0,0.0,89.52,2.0,0.467,0.0,45,16,low_conversion
U00963,260.48,279,10,3,269.19,81.94,0.0,0.206,,44,35,high_activity_anomaly
U00065,56.3,35,3,1,119.6,113.33,0.0,0.243,1.0,19,5,normal
U00813,162.12,132,14,0,0.0,139.64,0.0,0.285,0.0,98,17,low_conversion
U00015,29.84,35,4,2,254.18,114.38,1.0,0.295,0.0,9,4,normal
U00157,73.43,33,7,2,314.49,158.16,0.0,0.221,0.0,25,8,normal
U00041,60.65,35,7,2,255.12,136.35,2.0,0.215,0.0,13,4,normal
U00493,40.36,33,5,1,128.6,136.83,0.0,0.315,0.0,38,4,normal
U00380,53.28,37,3,1,59.3,58.98,1.0,0.328,0.0,21,6,normal
U00188,50.2,49,5,0,0.0,87.31,3.0,0.207,,13,3,normal
U00764,128.49,61,10,9,2588.91,270.14,3.0,0.161,0.0,14,5,high_value
U00217,75.32,34,4,1,100.65,99.53,1.0,0.106,,38,6,normal
U00792,155.07,120,15,0,0.0,42.4,,0.225,0.0,72,11,low_conversion
U00053,56.27,37,4,1,194.82,192.43,0.0,0.241,0.0,17,5,normal
U00879,104.03,110,17,0,0.0,136.88,1.0,0.266,0.0,78,17,low_conversion
U00338,30.18,27,1,1,102.31,103.61,3.0,0.082,0.0,53,7,normal
U00749,104.26,56,9,0,0.0,192.46,3.0,0.123,0.0,10,18,high_value
U00720,112.67,62,6,6,675.6,108.84,,0.187,0.0,5,5,high_value
U00725,94.45,56,9,9,2812.2,321.58,1.0,0.23,0.0,4,7,high_value
U00296,62.81,24,6,0,0.0,126.91,2.0,0.183,0.0,51,6,normal
U00702,129.48,51,10,10,2782.85,296.57,2.0,0.182,0.0,4,11,high_value
U00252,49.85,28,10,2,240.73,124.62,3.0,0.049,0.0,14,7,normal
U00727,71.72,61,10,10,1273.21,144.94,2.0,0.138,0.0,11,8,high_value
U00462,41.71,34,4,2,262.21,126.94,0.0,0.191,0.0,55,7,normal
U00456,78.42,23,2,2,215.86,122.74,0.0,0.12,0.0,25,8,normal
U00997,244.23,255,16,1,88.45,89.71,5.0,0.304,1.0,78,48,high_activity_anomaly
U00816,249.68,113,11,0,0.0,91.64,2.0,0.346,0.0,55,22,low_conversion
U00863,122.41,110,16,0,0.0,170.58,0.0,0.27,,37,14,low_conversion
U00270,20.92,33,6,1,84.71,85.81,0.0,0.196,,56,7,normal
U00202,46.54,41,5,1,146.31,137.12,,0.09,0.0,4,5,normal
U00162,48.33,34,4,0,0.0,146.9,0.0,0.12,0.0,4,8,normal
U00556,57.49,53,2,0,0.0,177.14,0.0,0.23,0.0,5,7,normal
U00730,46.34,68,15,11,2941.62,249.11,2.0,0.238,0.0,20,11,high_value
U00402,40.63,39,4,4,667.39,184.27,1.0,0.158,,39,10,normal
U00703,131.66,60,11,11,3001.98,264.73,0.0,0.112,0.0,17,6,high_value
U00477,36.96,38,4,3,346.88,112.92,5.0,0.191,1.0,52,8,normal
U00822,212.61,129,6,0,0.0,99.73,1.0,0.258,0.0,71,17,low_conversion
U00772,36.17,66,14,10,1896.56,178.71,3.0,0.294,0.0,14,16,high_value
U00106,59.93,35,3,1,167.91,173.23,1.0,0.178,0.0,24,4,normal
U00566,66.36,41,2,1,108.34,99.48,0.0,0.103,0.0,47,9,normal
U00390,70.67,40,3,2,172.45,80.31,3.0,0.176,0.0,42,12,normal
U00002,73.45,43,5,0,0.0,132.13,,0.246,0.0,57,6,normal
U00938,67.06,71,8,2,361.31,183.04,,0.488,0.0,20,7,promotion_abuse_like
U00983,238.93,244,7,5,166.4,35.8,1.0,0.275,0.0,46,50,high_activity_anomaly
U00562,21.77,40,4,3,479.84,172.61,3.0,0.034,0.0,16,6,normal
U00081,26.34,48,3,1,114.8,111.81,0.0,0.262,0.0,26,4,normal
U00206,64.93,36,11,2,203.55,90.14,,0.211,,13,6,normal
U00035,81.59,37,4,0,0.0,85.86,1.0,0.279,0.0,29,9,normal
U00776,72.98,53,8,8,1129.18,138.52,1.0,0.082,0.0,5,10,high_value
U00509,55.25,35,3,3,230.12,84.78,2.0,0.135,0.0,57,6,normal
U00428,40.62,35,8,3,349.44,107.68,2.0,0.233,0.0,28,7,normal
U00455,38.01,37,3,3,416.61,128.68,1.0,0.151,,47,5,normal
U00367,50.29,32,3,3,215.48,74.95,3.0,0.24,0.0,50,6,normal
U00092,44.86,28,6,2,270.84,117.92,1.0,0.173,0.0,57,3,normal
U00340,66.89,30,6,2,139.33,81.1,0.0,0.167,0.0,44,3,normal
U00898,138.57,88,8,3,314.4,95.99,6.0,0.659,3.0,39,7,promotion_abuse_like
U00565,35.37,26,4,1,81.79,77.12,0.0,0.129,,58,3,normal
U00346,75.86,40,4,0,0.0,92.17,2.0,0.217,0.0,30,9,normal
U00777,88.25,44,4,4,1003.35,241.55,,0.044,1.0,11,11,high_value
U00242,39.32,47,5,1,102.19,92.95,1.0,0.11,0.0,32,3,normal
U00014,73.85,33,7,0,0.0,65.76,0.0,0.134,0.0,46,8,normal
U00316,57.34,35,5,1,122.93,123.49,1.0,0.174,0.0,38,7,normal
U00601,55.24,28,9,1,127.38,120.97,2.0,0.205,0.0,45,6,normal
U00388,56.7,35,6,2,308.43,157.7,3.0,0.068,0.0,42,8,normal
U00274,58.07,46,2,2,258.19,150.88,,0.164,0.0,57,4,normal
U00167,33.5,37,5,0,0.0,115.01,3.0,0.187,0.0,13,7,normal
U00841,217.87,115,18,1,116.66,111.76,0.0,0.239,0.0,30,10,low_conversion
U00993,275.12,253,12,1,110.5,108.63,3.0,0.281,0.0,18,30,high_activity_anomaly
U00647,58.56,43,6,1,102.82,118.1,1.0,0.264,,55,9,normal
U00819,176.5,117,6,1,129.4,126.58,0.0,0.307,,23,14,low_conversion
U00485,38.24,47,5,3,369.99,118.4,0.0,0.173,,27,5,normal
U00981,138.07,253,10,1,131.18,123.05,2.0,0.113,0.0,54,47,high_activity_anomaly
U00505,72.63,44,2,1,104.6,106.92,2.0,0.102,0.0,54,6,normal
U00832,144.16,130,18,0,0.0,104.5,1.0,0.167,,37,19,low_conversion
U00244,56.02,40,4,0,0.0,68.71,0.0,0.246,0.0,43,7,normal
U00567,71.35,47,2,2,110.37,56.26,1.0,0.143,,46,7,normal
U00876,47.17,128,15,0,0.0,84.19,,0.259,0.0,101,11,low_conversion
U00563,46.8,35,4,3,452.19,159.51,0.0,0.126,0.0,54,13,normal
U00687,60.56,32,1,1,151.91,145.02,,0.056,0.0,59,4,normal
U00190,27.08,29,2,2,263.26,141.88,1.0,0.003,,42,4,normal
U00783,157.03,108,18,1,152.51,153.19,1.0,0.153,0.0,54,17,low_conversion
U00700,60.23,36,6,0,0.0,191.54,5.0,0.15,0.0,30,7,normal
U00476,21.48,42,5,2,334.73,165.91,1.0,0.322,0.0,47,4,normal
U00682,75.22,30,5,1,111.76,133.5,2.0,0.154,0.0,15,5,normal
U00511,53.23,37,5,0,0.0,97.22,,0.332,0.0,45,10,normal
U00059,52.4,51,5,0,0.0,74.08,,0.232,0.0,23,8,normal
U00475,59.22,37,3,0,0.0,101.55,1.0,0.141,0.0,48,9,normal
U00561,51.14,37,3,0,0.0,65.63,2.0,0.126,0.0,31,5,normal
U00857,214.98,124,26,1,96.91,91.67,0.0,0.286,,102,12,low_conversion
U00748,100.19,55,8,0,0.0,185.79,1.0,0.236,,1,10,high_value
U00253,44.45,41,5,0,0.0,138.44,1.0,0.073,0.0,3,5,normal
U00022,56.32,30,3,3,258.48,89.57,0.0,0.229,0.0,4,5,normal
U00314,55.26,38,9,4,1050.31,260.9,0.0,0.251,0.0,48,8,normal
U00460,105.63,42,4,1,117.4,128.12,0.0,0.16,0.0,59,9,normal
U00161,67.21,47,3,2,272.07,140.76,1.0,0.347,0.0,14,12,normal
U00277,50.46,38,4,4,351.68,108.95,3.0,0.216,,17,4,normal
U00956,212.85,260,10,1,82.06,75.43,2.0,0.094,0.0,29,37,high_activity_anomaly
U00192,46.9,28,6,0,0.0,175.73,0.0,0.108,0.0,6,7,normal
U00386,57.37,28,5,3,427.55,144.72,0.0,0.244,0.0,13,10,normal
U00806,202.63,141,14,0,0.0,69.83,0.0,0.321,0.0,111,14,low_conversion
U00414,64.99,35,4,4,717.8,179.74,1.0,0.283,,57,4,normal
U00492,51.13,33,5,2,256.98,143.33,0.0,0.082,,12,9,normal
U00344,68.8,41,2,0,0.0,152.29,3.0,0.182,0.0,25,6,normal
U00770,120.83,55,14,10,4363.51,372.2,,0.12,0.0,2,9,high_value
U00309,57.87,22,3,1,136.4,156.26,1.0,0.172,0.0,45,6,normal
U00662,39.1,32,3,1,122.3,116.89,0.0,0.191,,38,6,normal
U00131,50.34,36,5,1,86.2,80.5,0.0,0.157,0.0,37,5,normal
U00664,35.19,48,7,0,0.0,166.77,0.0,0.109,0.0,34,10,normal
U00872,94.56,115,24,0,0.0,102.89,0.0,0.202,0.0,112,8,low_conversion
U00100,63.59,42,4,2,221.49,138.14,1.0,0.167,0.0,35,6,normal
U00373,38.53,30,3,3,399.15,133.73,2.0,0.0,0.0,8,8,normal
U00088,21.66,28,6,0,0.0,118.3,2.0,0.181,0.0,30,4,normal
U00459,77.45,29,2,2,202.99,105.08,0.0,0.223,0.0,5,3,normal
U00331,72.94,38,1,1,38.0,35.09,2.0,0.0,0.0,33,8,normal
U00215,73.48,41,4,4,910.42,212.99,2.0,0.174,,56,8,normal
U00467,33.1,41,1,1,128.0,125.33,,0.07,0.0,40,7,normal
U00122,39.23,36,4,3,525.34,191.36,0.0,0.13,0.0,15,5,normal
U00615,77.64,42,4,0,0.0,112.1,,0.27,,44,4,normal
U00021,45.47,39,6,0,0.0,170.49,2.0,0.186,0.0,5,3,normal
U00701,138.74,70,12,11,2893.46,264.29,1.0,0.28,0.0,16,12,high_value
U00072,34.81,42,2,0,0.0,140.67,1.0,0.203,0.0,37,4,normal
U00107,54.87,31,4,3,225.14,79.61,0.0,0.097,0.0,58,2,normal
U00271,58.91,32,2,2,304.38,158.53,1.0,0.145,0.0,15,6,normal
U00861,162.43,120,22,1,104.98,104.61,,0.353,0.0,88,16,low_conversion
U00436,103.67,32,3,2,164.93,84.83,,0.067,0.0,16,14,normal
U00103,72.29,38,2,1,106.86,99.7,0.0,0.119,0.0,17,3,normal
